question,answer,rule,category
탕비실은 어디로 가야 하나요?,사내 탕비실은 사무실 안쪽으로 들어가시면 됩니다.,사내에서 탕비실을 가려면 사무실 안쪽에 가면된다.,pantry
탕비실 위치 알려주세요.,사내 탕비실은 사무실 안쪽으로 들어가시면 됩니다.,사내에서 탕비실을 가려면 사무실 안쪽에 가면된다.,pantry
커피 마시고 싶은데 탕비실은 어디 있죠?,사내 탕비실은 사무실 안쪽으로 들어가시면 됩니다.,사내에서 탕비실을 가려면 사무실 안쪽에 가면된다.,pantry
사무실에서 탕비실 가려면 어떻게 가나요?,사내 탕비실은 사무실 안쪽으로 들어가시면 됩니다.,사내에서 탕비실을 가려면 사무실 안쪽에 가면된다.,pantry
간식/음료 있는 곳은 어디인가요?,사내 탕비실은 사무실 안쪽으로 들어가시면 됩니다.,사내에서 탕비실을 가려면 사무실 안쪽에 가면된다.,pantry
휴게 공간(탕비실) 위치가 어디예요?,사내 탕비실은 사무실 안쪽으로 들어가시면 됩니다.,사내에서 탕비실을 가려면 사무실 안쪽에 가면된다.,pantry
손님 컵이 필요한데 탕비실 위치가 궁금해요.,사내 탕비실은 사무실 안쪽으로 들어가시면 됩니다.,사내에서 탕비실을 가려면 사무실 안쪽에 가면된다.,pantry
정수기 있는 탕비실 어디임?,사내 탕비실은 사무실 안쪽으로 들어가시면 됩니다.,사내에서 탕비실을 가려면 사무실 안쪽에 가면된다.,pantry
간단히 먹을 곳(탕비실) 찾고 있어요.,사내 탕비실은 사무실 안쪽으로 들어가시면 됩니다.,사내에서 탕비실을 가려면 사무실 안쪽에 가면된다.,pantry
탕비실 방향 좀 알려줄래요?,사내 탕비실은 사무실 안쪽으로 들어가시면 됩니다.,사내에서 탕비실을 가려면 사무실 안쪽에 가면된다.,pantry
탕비실 찾는 법이 뭐죠?,사내 탕비실은 사무실 안쪽으로 들어가시면 됩니다.,사내에서 탕비실을 가려면 사무실 안쪽에 가면된다.,pantry
사무실에서 안쪽으로 가면 뭐가 있나요? (탕비실),사내 탕비실은 사무실 안쪽으로 들어가시면 됩니다.,사내에서 탕비실을 가려면 사무실 안쪽에 가면된다.,pantry
컵/커피머신이 있는 곳 어디죠?,사내 탕비실은 사무실 안쪽으로 들어가시면 됩니다.,사내에서 탕비실을 가려면 사무실 안쪽에 가면된다.,pantry
간식 보관 장소는 어디예요?,사내 탕비실은 사무실 안쪽으로 들어가시면 됩니다.,사내에서 탕비실을 가려면 사무실 안쪽에 가면된다.,pantry
탕비실 위치 정확히?,사내 탕비실은 사무실 안쪽으로 들어가시면 됩니다.,사내에서 탕비실을 가려면 사무실 안쪽에 가면된다.,pantry
신입인데 탕비실 어디로 가면 돼요?,사내 탕비실은 사무실 안쪽으로 들어가시면 됩니다.,사내에서 탕비실을 가려면 사무실 안쪽에 가면된다.,pantry
음료수 마실 수 있는 공간 어디예요?,사내 탕비실은 사무실 안쪽으로 들어가시면 됩니다.,사내에서 탕비실을 가려면 사무실 안쪽에 가면된다.,pantry
전자레인지 있는 곳(탕비실) 어디인가요?,사내 탕비실은 사무실 안쪽으로 들어가시면 됩니다.,사내에서 탕비실을 가려면 사무실 안쪽에 가면된다.,pantry
설거지하는 싱크대는 어디에 있어요?,사내 탕비실은 사무실 안쪽으로 들어가시면 됩니다.,사내에서 탕비실을 가려면 사무실 안쪽에 가면된다.,pantry
사무실 안쪽 가면 나오는 공간 이름 뭐죠? (탕비실),사내 탕비실은 사무실 안쪽으로 들어가시면 됩니다.,사내에서 탕비실을 가려면 사무실 안쪽에 가면된다.,pantry
업무 문서 양식은 어디서 확인하나요?,회사 모든 업무 문서 양식은 사내 사이트의 ‘규칙’ 탭에서 확인하실 수 있습니다.,회사 모든 업무 문서 양식은 사이트에서 규칙탭을 들어가서 확인해보면 된다.,docs
회사 문서 템플릿은 어디에 모여 있나요?,회사 모든 업무 문서 양식은 사내 사이트의 ‘규칙’ 탭에서 확인하실 수 있습니다.,회사 모든 업무 문서 양식은 사이트에서 규칙탭을 들어가서 확인해보면 된다.,docs
보고서/기안서 양식은 어디서 받죠?,회사 모든 업무 문서 양식은 사내 사이트의 ‘규칙’ 탭에서 확인하실 수 있습니다.,회사 모든 업무 문서 양식은 사이트에서 규칙탭을 들어가서 확인해보면 된다.,docs
문서 양식 규정은 어디에서 확인하면 돼요?,회사 모든 업무 문서 양식은 사내 사이트의 ‘규칙’ 탭에서 확인하실 수 있습니다.,회사 모든 업무 문서 양식은 사이트에서 규칙탭을 들어가서 확인해보면 된다.,docs
양식들 최신본은 어디 탭에 있나요?,회사 모든 업무 문서 양식은 사내 사이트의 ‘규칙’ 탭에서 확인하실 수 있습니다.,회사 모든 업무 문서 양식은 사이트에서 규칙탭을 들어가서 확인해보면 된다.,docs
문서 작성 규칙/양식 위치 알려주세요.,회사 모든 업무 문서 양식은 사내 사이트의 ‘규칙’ 탭에서 확인하실 수 있습니다.,회사 모든 업무 문서 양식은 사이트에서 규칙탭을 들어가서 확인해보면 된다.,docs
전체 문서 폼은 회사 사이트 어디에 있나요?,회사 모든 업무 문서 양식은 사내 사이트의 ‘규칙’ 탭에서 확인하실 수 있습니다.,회사 모든 업무 문서 양식은 사이트에서 규칙탭을 들어가서 확인해보면 된다.,docs
문서 포맷 가이드 찾는 법 알려줘.,회사 모든 업무 문서 양식은 사내 사이트의 ‘규칙’ 탭에서 확인하실 수 있습니다.,회사 모든 업무 문서 양식은 사이트에서 규칙탭을 들어가서 확인해보면 된다.,docs
규칙 탭에서 문서 양식 본다던데 맞나요?,회사 모든 업무 문서 양식은 사내 사이트의 ‘규칙’ 탭에서 확인하실 수 있습니다.,회사 모든 업무 문서 양식은 사이트에서 규칙탭을 들어가서 확인해보면 된다.,docs
문서 양식 다운로드 경로가 뭐예요?,회사 모든 업무 문서 양식은 사내 사이트의 ‘규칙’ 탭에서 확인하실 수 있습니다.,회사 모든 업무 문서 양식은 사이트에서 규칙탭을 들어가서 확인해보면 된다.,docs
프로젝트 제안서 템플릿 위치는?,회사 모든 업무 문서 양식은 사내 사이트의 ‘규칙’ 탭에서 확인하실 수 있습니다.,회사 모든 업무 문서 양식은 사이트에서 규칙탭을 들어가서 확인해보면 된다.,docs
휴가신청서 양식 어디서 받나요?,회사 모든 업무 문서 양식은 사내 사이트의 ‘규칙’ 탭에서 확인하실 수 있습니다.,회사 모든 업무 문서 양식은 사이트에서 규칙탭을 들어가서 확인해보면 된다.,docs
결재 문서 양식 확인하려면?,회사 모든 업무 문서 양식은 사내 사이트의 ‘규칙’ 탭에서 확인하실 수 있습니다.,회사 모든 업무 문서 양식은 사이트에서 규칙탭을 들어가서 확인해보면 된다.,docs
회사 문서 규정 페이지 어디죠?,회사 모든 업무 문서 양식은 사내 사이트의 ‘규칙’ 탭에서 확인하실 수 있습니다.,회사 모든 업무 문서 양식은 사이트에서 규칙탭을 들어가서 확인해보면 된다.,docs
문서 양식 업데이트는 어디서 체크해요?,회사 모든 업무 문서 양식은 사내 사이트의 ‘규칙’ 탭에서 확인하실 수 있습니다.,회사 모든 업무 문서 양식은 사이트에서 규칙탭을 들어가서 확인해보면 된다.,docs
문서 템플릿 링크 알려줘.,회사 모든 업무 문서 양식은 사내 사이트의 ‘규칙’ 탭에서 확인하실 수 있습니다.,회사 모든 업무 문서 양식은 사이트에서 규칙탭을 들어가서 확인해보면 된다.,docs
서식 모음은 규칙 탭에 있어요?,회사 모든 업무 문서 양식은 사내 사이트의 ‘규칙’ 탭에서 확인하실 수 있습니다.,회사 모든 업무 문서 양식은 사이트에서 규칙탭을 들어가서 확인해보면 된다.,docs
서류 작성법과 폼은 어디를 보면 되나요?,회사 모든 업무 문서 양식은 사내 사이트의 ‘규칙’ 탭에서 확인하실 수 있습니다.,회사 모든 업무 문서 양식은 사이트에서 규칙탭을 들어가서 확인해보면 된다.,docs
문서 양식 보관 경로 안내해줘.,회사 모든 업무 문서 양식은 사내 사이트의 ‘규칙’ 탭에서 확인하실 수 있습니다.,회사 모든 업무 문서 양식은 사이트에서 규칙탭을 들어가서 확인해보면 된다.,docs
각종 양식은 사이트의 어느 메뉴에 있나요?,회사 모든 업무 문서 양식은 사내 사이트의 ‘규칙’ 탭에서 확인하실 수 있습니다.,회사 모든 업무 문서 양식은 사이트에서 규칙탭을 들어가서 확인해보면 된다.,docs
사내 괴롭힘 신고는 어디서 하나요?,사내 괴롭힘 관련 사항은 사내 사이트의 ‘마음의편지함’으로 접수/확인하시면 됩니다.,사내 괴롭힘이 있을경우 사내 사이트에서 마음의편지함을 들어가보면 된다.,bullying
괴롭힘 관련해서 상담받을 수 있나요?,사내 괴롭힘 관련 사항은 사내 사이트의 ‘마음의편지함’으로 접수/확인하시면 됩니다.,사내 괴롭힘이 있을경우 사내 사이트에서 마음의편지함을 들어가보면 된다.,bullying
고충 접수하려면 어디로 가야 해요?,사내 괴롭힘 관련 사항은 사내 사이트의 ‘마음의편지함’으로 접수/확인하시면 됩니다.,사내 괴롭힘이 있을경우 사내 사이트에서 마음의편지함을 들어가보면 된다.,bullying
마음의편지함은 어디 있죠?,사내 괴롭힘 관련 사항은 사내 사이트의 ‘마음의편지함’으로 접수/확인하시면 됩니다.,사내 괴롭힘이 있을경우 사내 사이트에서 마음의편지함을 들어가보면 된다.,bullying
직장 내 괴롭힘 신고 경로 알려줘.,사내 괴롭힘 관련 사항은 사내 사이트의 ‘마음의편지함’으로 접수/확인하시면 됩니다.,사내 괴롭힘이 있을경우 사내 사이트에서 마음의편지함을 들어가보면 된다.,bullying
불편사항 신고하려면 어떤 메뉴 쓰나요?,사내 괴롭힘 관련 사항은 사내 사이트의 ‘마음의편지함’으로 접수/확인하시면 됩니다.,사내 괴롭힘이 있을경우 사내 사이트에서 마음의편지함을 들어가보면 된다.,bullying
익명으로 괴롭힘 제보 가능한가요?,사내 괴롭힘 관련 사항은 사내 사이트의 ‘마음의편지함’으로 접수/확인하시면 됩니다.,사내 괴롭힘이 있을경우 사내 사이트에서 마음의편지함을 들어가보면 된다.,bullying
마음의 편지함 접속 방법 알려주세요.,사내 괴롭힘 관련 사항은 사내 사이트의 ‘마음의편지함’으로 접수/확인하시면 됩니다.,사내 괴롭힘이 있을경우 사내 사이트에서 마음의편지함을 들어가보면 된다.,bullying
사내 사이트에서 괴롭힘 관련 메뉴 위치?,사내 괴롭힘 관련 사항은 사내 사이트의 ‘마음의편지함’으로 접수/확인하시면 됩니다.,사내 괴롭힘이 있을경우 사내 사이트에서 마음의편지함을 들어가보면 된다.,bullying
고충 처리 창구 링크가 뭐죠?,사내 괴롭힘 관련 사항은 사내 사이트의 ‘마음의편지함’으로 접수/확인하시면 됩니다.,사내 괴롭힘이 있을경우 사내 사이트에서 마음의편지함을 들어가보면 된다.,bullying
팀 내 괴롭힘 이슈 신고 절차는?,사내 괴롭힘 관련 사항은 사내 사이트의 ‘마음의편지함’으로 접수/확인하시면 됩니다.,사내 괴롭힘이 있을경우 사내 사이트에서 마음의편지함을 들어가보면 된다.,bullying
심리적 어려움 호소는 어디에 써요?,사내 괴롭힘 관련 사항은 사내 사이트의 ‘마음의편지함’으로 접수/확인하시면 됩니다.,사내 괴롭힘이 있을경우 사내 사이트에서 마음의편지함을 들어가보면 된다.,bullying
마음의 편지함이 정확히 뭔가요?,사내 괴롭힘 관련 사항은 사내 사이트의 ‘마음의편지함’으로 접수/확인하시면 됩니다.,사내 괴롭힘이 있을경우 사내 사이트에서 마음의편지함을 들어가보면 된다.,bullying
괴롭힘 문제 상담/신고 루트 알려줘요.,사내 괴롭힘 관련 사항은 사내 사이트의 ‘마음의편지함’으로 접수/확인하시면 됩니다.,사내 괴롭힘이 있을경우 사내 사이트에서 마음의편지함을 들어가보면 된다.,bullying
사내 갈등 제보는 어디로?,사내 괴롭힘 관련 사항은 사내 사이트의 ‘마음의편지함’으로 접수/확인하시면 됩니다.,사내 괴롭힘이 있을경우 사내 사이트에서 마음의편지함을 들어가보면 된다.,bullying
하이어라키 갑질 신고 메뉴 위치?,사내 괴롭힘 관련 사항은 사내 사이트의 ‘마음의편지함’으로 접수/확인하시면 됩니다.,사내 괴롭힘이 있을경우 사내 사이트에서 마음의편지함을 들어가보면 된다.,bullying
괴롭힘/고충 접수 창구가 사이트에 있나요?,사내 괴롭힘 관련 사항은 사내 사이트의 ‘마음의편지함’으로 접수/확인하시면 됩니다.,사내 괴롭힘이 있을경우 사내 사이트에서 마음의편지함을 들어가보면 된다.,bullying
익명 사내신고함 이름이 뭐였죠?,사내 괴롭힘 관련 사항은 사내 사이트의 ‘마음의편지함’으로 접수/확인하시면 됩니다.,사내 괴롭힘이 있을경우 사내 사이트에서 마음의편지함을 들어가보면 된다.,bullying
불만 접수함 위치 알려주세요.,사내 괴롭힘 관련 사항은 사내 사이트의 ‘마음의편지함’으로 접수/확인하시면 됩니다.,사내 괴롭힘이 있을경우 사내 사이트에서 마음의편지함을 들어가보면 된다.,bullying
직장 괴롭힘 대응 채널은 어디입니까?,사내 괴롭힘 관련 사항은 사내 사이트의 ‘마음의편지함’으로 접수/확인하시면 됩니다.,사내 괴롭힘이 있을경우 사내 사이트에서 마음의편지함을 들어가보면 된다.,bullying
사내 조직도는 어디서 볼 수 있어요?,사내 조직도는 회사 사이트에서 ‘조직도’ 메뉴를 클릭하면 볼 수 있습니다.,사내 조직도를 보려면 회사 사이트에서 조직도를 클릭하면 보인다.,org
부서 구조 확인하려면 어떻게 하나요?,사내 조직도는 회사 사이트에서 ‘조직도’ 메뉴를 클릭하면 볼 수 있습니다.,사내 조직도를 보려면 회사 사이트에서 조직도를 클릭하면 보인다.,org
회사 조직도 페이지 위치가 어디죠?,사내 조직도는 회사 사이트에서 ‘조직도’ 메뉴를 클릭하면 볼 수 있습니다.,사내 조직도를 보려면 회사 사이트에서 조직도를 클릭하면 보인다.,org
신입인데 조직도 보는 법 알려주세요.,사내 조직도는 회사 사이트에서 ‘조직도’ 메뉴를 클릭하면 볼 수 있습니다.,사내 조직도를 보려면 회사 사이트에서 조직도를 클릭하면 보인다.,org
부서장 라인업은 어디서 확인해요?,사내 조직도는 회사 사이트에서 ‘조직도’ 메뉴를 클릭하면 볼 수 있습니다.,사내 조직도를 보려면 회사 사이트에서 조직도를 클릭하면 보인다.,org
팀 구성도는 어디에서 확인할 수 있죠?,사내 조직도는 회사 사이트에서 ‘조직도’ 메뉴를 클릭하면 볼 수 있습니다.,사내 조직도를 보려면 회사 사이트에서 조직도를 클릭하면 보인다.,org
회사 사이트에서 조직도 메뉴가 어딘가요?,사내 조직도는 회사 사이트에서 ‘조직도’ 메뉴를 클릭하면 볼 수 있습니다.,사내 조직도를 보려면 회사 사이트에서 조직도를 클릭하면 보인다.,org
조직도 링크 알려줄 수 있나요?,사내 조직도는 회사 사이트에서 ‘조직도’ 메뉴를 클릭하면 볼 수 있습니다.,사내 조직도를 보려면 회사 사이트에서 조직도를 클릭하면 보인다.,org
부서 이동 참고할 조직도는 어디 있나요?,사내 조직도는 회사 사이트에서 ‘조직도’ 메뉴를 클릭하면 볼 수 있습니다.,사내 조직도를 보려면 회사 사이트에서 조직도를 클릭하면 보인다.,org
누가 어느 팀인지 확인하려면?,사내 조직도는 회사 사이트에서 ‘조직도’ 메뉴를 클릭하면 볼 수 있습니다.,사내 조직도를 보려면 회사 사이트에서 조직도를 클릭하면 보인다.,org
조직도 접근 경로를 알려주세요.,사내 조직도는 회사 사이트에서 ‘조직도’ 메뉴를 클릭하면 볼 수 있습니다.,사내 조직도를 보려면 회사 사이트에서 조직도를 클릭하면 보인다.,org
회사 구조도 보는 메뉴가 뭐예요?,사내 조직도는 회사 사이트에서 ‘조직도’ 메뉴를 클릭하면 볼 수 있습니다.,사내 조직도를 보려면 회사 사이트에서 조직도를 클릭하면 보인다.,org
조직도 클릭해서 보면 된다던데 맞나요?,사내 조직도는 회사 사이트에서 ‘조직도’ 메뉴를 클릭하면 볼 수 있습니다.,사내 조직도를 보려면 회사 사이트에서 조직도를 클릭하면 보인다.,org
조직개편 반영된 최신 조직도 위치는?,사내 조직도는 회사 사이트에서 ‘조직도’ 메뉴를 클릭하면 볼 수 있습니다.,사내 조직도를 보려면 회사 사이트에서 조직도를 클릭하면 보인다.,org
임원 조직표 확인은 어디서?,사내 조직도는 회사 사이트에서 ‘조직도’ 메뉴를 클릭하면 볼 수 있습니다.,사내 조직도를 보려면 회사 사이트에서 조직도를 클릭하면 보인다.,org
부서 체계도 보는 방법 안내해줘.,사내 조직도는 회사 사이트에서 ‘조직도’ 메뉴를 클릭하면 볼 수 있습니다.,사내 조직도를 보려면 회사 사이트에서 조직도를 클릭하면 보인다.,org
조직도 페이지 바로가기 경로?,사내 조직도는 회사 사이트에서 ‘조직도’ 메뉴를 클릭하면 볼 수 있습니다.,사내 조직도를 보려면 회사 사이트에서 조직도를 클릭하면 보인다.,org
사람 찾기 전에 조직도를 먼저 보고 싶어요.,사내 조직도는 회사 사이트에서 ‘조직도’ 메뉴를 클릭하면 볼 수 있습니다.,사내 조직도를 보려면 회사 사이트에서 조직도를 클릭하면 보인다.,org
조직도 메뉴명 정확히 뭐예요?,사내 조직도는 회사 사이트에서 ‘조직도’ 메뉴를 클릭하면 볼 수 있습니다.,사내 조직도를 보려면 회사 사이트에서 조직도를 클릭하면 보인다.,org
조직도는 사내 사이트에서만 보이나요?,사내 조직도는 회사 사이트에서 ‘조직도’ 메뉴를 클릭하면 볼 수 있습니다.,사내 조직도를 보려면 회사 사이트에서 조직도를 클릭하면 보인다.,org
사내 법규는 어디서 확인하나요?,사내 법규는 회사 사이트의 ‘법규’ 탭에서 확인하시면 됩니다.,사내 법규는 회사 사이트에서 법규 탭을 누르면 된다.,law
회사 규정/규칙 모음은 어디 있죠?,사내 법규는 회사 사이트의 ‘법규’ 탭에서 확인하시면 됩니다.,사내 법규는 회사 사이트에서 법규 탭을 누르면 된다.,law
사내 컴플라이언스 문서 위치 알려줘요.,사내 법규는 회사 사이트의 ‘법규’ 탭에서 확인하시면 됩니다.,사내 법규는 회사 사이트에서 법규 탭을 누르면 된다.,law
준법 관련 문서는 어디 탭인가요?,사내 법규는 회사 사이트의 ‘법규’ 탭에서 확인하시면 됩니다.,사내 법규는 회사 사이트에서 법규 탭을 누르면 된다.,law
사내 규정집 열람 경로를 알려주세요.,사내 법규는 회사 사이트의 ‘법규’ 탭에서 확인하시면 됩니다.,사내 법규는 회사 사이트에서 법규 탭을 누르면 된다.,law
보안/윤리 규정은 어디에 있어요?,사내 법규는 회사 사이트의 ‘법규’ 탭에서 확인하시면 됩니다.,사내 법규는 회사 사이트에서 법규 탭을 누르면 된다.,law
법규 관련 공지 모음은 어디서 보나요?,사내 법규는 회사 사이트의 ‘법규’ 탭에서 확인하시면 됩니다.,사내 법규는 회사 사이트에서 법규 탭을 누르면 된다.,law
인사/보안 규칙 문서 찾는 법은?,사내 법규는 회사 사이트의 ‘법규’ 탭에서 확인하시면 됩니다.,사내 법규는 회사 사이트에서 법규 탭을 누르면 된다.,law
법규 탭이라는 메뉴가 있나요?,사내 법규는 회사 사이트의 ‘법규’ 탭에서 확인하시면 됩니다.,사내 법규는 회사 사이트에서 법규 탭을 누르면 된다.,law
사내 규정 업데이트는 어디에 공지되나요?,사내 법규는 회사 사이트의 ‘법규’ 탭에서 확인하시면 됩니다.,사내 법규는 회사 사이트에서 법규 탭을 누르면 된다.,law
회사 내규 확인 페이지 링크?,사내 법규는 회사 사이트의 ‘법규’ 탭에서 확인하시면 됩니다.,사내 법규는 회사 사이트에서 법규 탭을 누르면 된다.,law
정책/가이드라인은 어디서 보나요?,사내 법규는 회사 사이트의 ‘법규’ 탭에서 확인하시면 됩니다.,사내 법규는 회사 사이트에서 법규 탭을 누르면 된다.,law
법규 자료실로 가려면 어떻게 하나요?,사내 법규는 회사 사이트의 ‘법규’ 탭에서 확인하시면 됩니다.,사내 법규는 회사 사이트에서 법규 탭을 누르면 된다.,law
감사 대비 규정 모음 위치는?,사내 법규는 회사 사이트의 ‘법규’ 탭에서 확인하시면 됩니다.,사내 법규는 회사 사이트에서 법규 탭을 누르면 된다.,law
사내 정책 문서 열람은 어디입니까?,사내 법규는 회사 사이트의 ‘법규’ 탭에서 확인하시면 됩니다.,사내 법규는 회사 사이트에서 법규 탭을 누르면 된다.,law
법무 관련 문서 접근 경로 알려줘.,사내 법규는 회사 사이트의 ‘법규’ 탭에서 확인하시면 됩니다.,사내 법규는 회사 사이트에서 법규 탭을 누르면 된다.,law
내부 규정 찾아볼 메뉴가 뭐죠?,사내 법규는 회사 사이트의 ‘법규’ 탭에서 확인하시면 됩니다.,사내 법규는 회사 사이트에서 법규 탭을 누르면 된다.,law
규정 위반 신고 관련 문서 어디에?,사내 법규는 회사 사이트의 ‘법규’ 탭에서 확인하시면 됩니다.,사내 법규는 회사 사이트에서 법규 탭을 누르면 된다.,law
규정과 지침 모음은 어느 탭에 있나요?,사내 법규는 회사 사이트의 ‘법규’ 탭에서 확인하시면 됩니다.,사내 법규는 회사 사이트에서 법규 탭을 누르면 된다.,law
법규 탭을 눌러서 확인하면 되나요?,사내 법규는 회사 사이트의 ‘법규’ 탭에서 확인하시면 됩니다.,사내 법규는 회사 사이트에서 법규 탭을 누르면 된다.,law
